book,genre,rank,ngram,count
TheWonderfulWizardOfOz,fantasy,1,said,332
TheWonderfulWizardOfOz,fantasy,2,great,142
TheWonderfulWizardOfOz,fantasy,3,little,139
TheWonderfulWizardOfOz,fantasy,4,witch,129
TheWonderfulWizardOfOz,fantasy,5,one,126
TheWonderfulWizardOfOz,fantasy,6,asked,114
TheWonderfulWizardOfOz,fantasy,7,green,104
TheWonderfulWizardOfOz,fantasy,8,came,104
TheWonderfulWizardOfOz,fantasy,9,good,102
TheWonderfulWizardOfOz,fantasy,10,back,98
TheWonderfulWizardOfOz,fantasy,11,see,95
TheWonderfulWizardOfOz,fantasy,12,girl,94
TheWonderfulWizardOfOz,fantasy,13,head,90
TheWonderfulWizardOfOz,fantasy,14,made,88
TheWonderfulWizardOfOz,fantasy,15,upon,85
TheWonderfulWizardOfOz,fantasy,16,get,85
TheWonderfulWizardOfOz,fantasy,17,city,82
TheWonderfulWizardOfOz,fantasy,18,shall,82
TheWonderfulWizardOfOz,fantasy,19,answered,78
TheWonderfulWizardOfOz,fantasy,20,must,75
TheWonderfulWizardOfOz,fantasy,21,man,75
TheWonderfulWizardOfOz,fantasy,22,wicked,74
TheWonderfulWizardOfOz,fantasy,23,go,72
TheWonderfulWizardOfOz,fantasy,24,country,69
TheWonderfulWizardOfOz,fantasy,25,away,68
TheWonderfulWizardOfOz,fantasy,26,come,67
TheWonderfulWizardOfOz,fantasy,27,heart,67
TheWonderfulWizardOfOz,fantasy,28,well,66
TheWonderfulWizardOfOz,fantasy,29,us,65
TheWonderfulWizardOfOz,fantasy,30,long,64
TheWonderfulWizardOfOz,fantasy,31,way,64
TheWonderfulWizardOfOz,fantasy,32,like,64
TheWonderfulWizardOfOz,fantasy,33,looked,61
TheWonderfulWizardOfOz,fantasy,34,emerald,60
TheWonderfulWizardOfOz,fantasy,35,room,60
TheWonderfulWizardOfOz,fantasy,36,never,59
TheWonderfulWizardOfOz,fantasy,37,people,59
TheWonderfulWizardOfOz,fantasy,38,saw,58
TheWonderfulWizardOfOz,fantasy,39,brains,56
TheWonderfulWizardOfOz,fantasy,40,know,55
TheWonderfulWizardOfOz,fantasy,41,thought,53
TheWonderfulWizardOfOz,fantasy,42,replied,51
TheWonderfulWizardOfOz,fantasy,43,eyes,50
TheWonderfulWizardOfOz,fantasy,44,many,49
TheWonderfulWizardOfOz,fantasy,45,big,49
TheWonderfulWizardOfOz,fantasy,46,first,49
TheWonderfulWizardOfOz,fantasy,47,chapter,48
TheWonderfulWizardOfOz,fantasy,48,make,48
TheWonderfulWizardOfOz,fantasy,49,forest,47
TheWonderfulWizardOfOz,fantasy,50,found,47
TheWonderfulWizardOfOz,fantasy,51,road,46
TheWonderfulWizardOfOz,fantasy,52,walked,46
TheWonderfulWizardOfOz,fantasy,53,time,45
TheWonderfulWizardOfOz,fantasy,54,ever,45
TheWonderfulWizardOfOz,fantasy,55,monkeys,44
TheWonderfulWizardOfOz,fantasy,56,soon,44
TheWonderfulWizardOfOz,fantasy,57,much,44
TheWonderfulWizardOfOz,fantasy,58,went,43
TheWonderfulWizardOfOz,fantasy,59,around,42
TheWonderfulWizardOfOz,fantasy,60,give,41
TheWonderfulWizardOfOz,fantasy,61,wizard,39
TheWonderfulWizardOfOz,fantasy,62,day,39
TheWonderfulWizardOfOz,fantasy,63,oh,39
TheWonderfulWizardOfOz,fantasy,64,think,39
TheWonderfulWizardOfOz,fantasy,65,beautiful,38
TheWonderfulWizardOfOz,fantasy,66,cannot,38
TheWonderfulWizardOfOz,fantasy,67,help,38
TheWonderfulWizardOfOz,fantasy,68,old,37
TheWonderfulWizardOfOz,fantasy,69,trees,36
TheWonderfulWizardOfOz,fantasy,70,land,36
TheWonderfulWizardOfOz,fantasy,71,arms,36
TheWonderfulWizardOfOz,fantasy,72,air,36
TheWonderfulWizardOfOz,fantasy,73,stood,35
TheWonderfulWizardOfOz,fantasy,74,quite,35
TheWonderfulWizardOfOz,fantasy,75,winged,34
TheWonderfulWizardOfOz,fantasy,76,voice,34
TheWonderfulWizardOfOz,fantasy,77,put,34
TheWonderfulWizardOfOz,fantasy,78,woman,34
TheWonderfulWizardOfOz,fantasy,79,house,33
TheWonderfulWizardOfOz,fantasy,80,last,33
TheWonderfulWizardOfOz,fantasy,81,shoes,33
TheWonderfulWizardOfOz,fantasy,82,yellow,33
TheWonderfulWizardOfOz,fantasy,83,friends,33
TheWonderfulWizardOfOz,fantasy,84,mice,32
TheWonderfulWizardOfOz,fantasy,85,find,32
TheWonderfulWizardOfOz,fantasy,86,journey,31
TheWonderfulWizardOfOz,fantasy,87,carried,31
TheWonderfulWizardOfOz,fantasy,88,gave,31
TheWonderfulWizardOfOz,fantasy,89,took,31
TheWonderfulWizardOfOz,fantasy,90,cap,31
TheWonderfulWizardOfOz,fantasy,91,straw,31
TheWonderfulWizardOfOz,fantasy,92,next,31
TheWonderfulWizardOfOz,fantasy,93,throne,31
TheWonderfulWizardOfOz,fantasy,94,wish,30
TheWonderfulWizardOfOz,fantasy,95,left,30
TheWonderfulWizardOfOz,fantasy,96,nothing,30
TheWonderfulWizardOfOz,fantasy,97,also,30
TheWonderfulWizardOfOz,fantasy,98,terrible,29
TheWonderfulWizardOfOz,fantasy,99,tree,29
TheWonderfulWizardOfOz,fantasy,100,morning,29
PrideAndPrejudice,romance,1,said,406
PrideAndPrejudice,romance,2,much,337
PrideAndPrejudice,romance,3,miss,315
PrideAndPrejudice,romance,4,must,315
PrideAndPrejudice,romance,5,one,295
PrideAndPrejudice,romance,6,know,244
PrideAndPrejudice,romance,7,though,238
PrideAndPrejudice,romance,8,well,230
PrideAndPrejudice,romance,9,never,230
PrideAndPrejudice,romance,10,think,222
PrideAndPrejudice,romance,11,soon,217
PrideAndPrejudice,romance,12,sister,217
PrideAndPrejudice,romance,13,good,209
PrideAndPrejudice,romance,14,might,206
PrideAndPrejudice,romance,15,may,206
PrideAndPrejudice,romance,16,time,201
PrideAndPrejudice,romance,17,wickham,200
PrideAndPrejudice,romance,18,lady,198
PrideAndPrejudice,romance,19,little,192
PrideAndPrejudice,romance,20,collins,190
PrideAndPrejudice,romance,21,nothing,187
PrideAndPrejudice,romance,22,every,185
PrideAndPrejudice,romance,23,without,177
PrideAndPrejudice,romance,24,lydia,176
PrideAndPrejudice,romance,25,make,171
PrideAndPrejudice,romance,26,dear,163
PrideAndPrejudice,romance,27,shall,163
PrideAndPrejudice,romance,28,first,160
PrideAndPrejudice,romance,29,say,160
PrideAndPrejudice,romance,30,man,158
PrideAndPrejudice,romance,31,room,153
PrideAndPrejudice,romance,32,family,153
PrideAndPrejudice,romance,33,see,153
PrideAndPrejudice,romance,34,great,148
PrideAndPrejudice,romance,35,day,148
PrideAndPrejudice,romance,36,two,145
PrideAndPrejudice,romance,37,mother,137
PrideAndPrejudice,romance,38,however,136
PrideAndPrejudice,romance,39,ever,136
PrideAndPrejudice,romance,40,father,135
PrideAndPrejudice,romance,41,young,133
PrideAndPrejudice,romance,42,made,132
PrideAndPrejudice,romance,43,catherine,132
PrideAndPrejudice,romance,44,give,127
PrideAndPrejudice,romance,45,us,127
PrideAndPrejudice,romance,46,always,126
PrideAndPrejudice,romance,47,hope,125
PrideAndPrejudice,romance,48,many,121
PrideAndPrejudice,romance,49,away,121
PrideAndPrejudice,romance,50,long,119
PrideAndPrejudice,romance,51,last,119
PrideAndPrejudice,romance,52,letter,118
PrideAndPrejudice,romance,53,way,115
PrideAndPrejudice,romance,54,friend,115
PrideAndPrejudice,romance,55,cannot,114
PrideAndPrejudice,romance,56,thought,112
PrideAndPrejudice,romance,57,enough,111
PrideAndPrejudice,romance,58,house,110
PrideAndPrejudice,romance,59,go,107
PrideAndPrejudice,romance,60,felt,106
PrideAndPrejudice,romance,61,sure,106
PrideAndPrejudice,romance,62,replied,103
PrideAndPrejudice,romance,63,love,102
PrideAndPrejudice,romance,64,saw,102
PrideAndPrejudice,romance,65,indeed,100
PrideAndPrejudice,romance,66,quite,98
PrideAndPrejudice,romance,67,better,98
PrideAndPrejudice,romance,68,wish,98
PrideAndPrejudice,romance,69,come,98
PrideAndPrejudice,romance,70,manner,97
PrideAndPrejudice,romance,71,lizzy,97
PrideAndPrejudice,romance,72,gardiner,97
PrideAndPrejudice,romance,73,till,96
PrideAndPrejudice,romance,74,even,95
PrideAndPrejudice,romance,75,pleasure,94
PrideAndPrejudice,romance,76,came,94
PrideAndPrejudice,romance,77,done,93
PrideAndPrejudice,romance,78,oh,93
PrideAndPrejudice,romance,79,feelings,92
PrideAndPrejudice,romance,80,often,92
PrideAndPrejudice,romance,81,really,91
PrideAndPrejudice,romance,82,cried,91
PrideAndPrejudice,romance,83,believe,90
PrideAndPrejudice,romance,84,perhaps,89
PrideAndPrejudice,romance,85,like,89
PrideAndPrejudice,romance,86,chapter,89
PrideAndPrejudice,romance,87,aunt,88
PrideAndPrejudice,romance,88,longbourn,88
PrideAndPrejudice,romance,89,subject,87
PrideAndPrejudice,romance,90,charlotte,87
PrideAndPrejudice,romance,91,heard,87
PrideAndPrejudice,romance,92,daughter,84
PrideAndPrejudice,romance,93,take,83
PrideAndPrejudice,romance,94,ladies,83
PrideAndPrejudice,romance,95,happy,83
PrideAndPrejudice,romance,96,anything,81
PrideAndPrejudice,romance,97,less,81
PrideAndPrejudice,romance,98,whole,80
PrideAndPrejudice,romance,99,seen,79
PrideAndPrejudice,romance,100,place,79
OnTheTrailOfTheSpacePirates,sci-fi,1,strong,506
OnTheTrailOfTheSpacePirates,sci-fi,2,said,301
OnTheTrailOfTheSpacePirates,sci-fi,3,ship,248
OnTheTrailOfTheSpacePirates,sci-fi,4,space,240
OnTheTrailOfTheSpacePirates,sci-fi,5,one,209
OnTheTrailOfTheSpacePirates,sci-fi,6,sir,189
OnTheTrailOfTheSpacePirates,sci-fi,7,solar,176
OnTheTrailOfTheSpacePirates,sci-fi,8,two,160
OnTheTrailOfTheSpacePirates,sci-fi,9,get,149
OnTheTrailOfTheSpacePirates,sci-fi,10,turned,147
OnTheTrailOfTheSpacePirates,sci-fi,11,guard,146
OnTheTrailOfTheSpacePirates,sci-fi,12,captain,136
OnTheTrailOfTheSpacePirates,sci-fi,13,man,133
OnTheTrailOfTheSpacePirates,sci-fi,14,back,133
OnTheTrailOfTheSpacePirates,sci-fi,15,three,125
OnTheTrailOfTheSpacePirates,sci-fi,16,cadets,124
OnTheTrailOfTheSpacePirates,sci-fi,17,right,122
OnTheTrailOfTheSpacePirates,sci-fi,18,simms,119
OnTheTrailOfTheSpacePirates,sci-fi,19,deck,118
OnTheTrailOfTheSpacePirates,sci-fi,20,cadet,110
OnTheTrailOfTheSpacePirates,sci-fi,21,asked,108
OnTheTrailOfTheSpacePirates,sci-fi,22,men,107
OnTheTrailOfTheSpacePirates,sci-fi,23,around,101
OnTheTrailOfTheSpacePirates,sci-fi,24,blast,94
OnTheTrailOfTheSpacePirates,sci-fi,25,control,92
OnTheTrailOfTheSpacePirates,sci-fi,26,polaris,91
OnTheTrailOfTheSpacePirates,sci-fi,27,take,89
OnTheTrailOfTheSpacePirates,sci-fi,28,know,89
OnTheTrailOfTheSpacePirates,sci-fi,29,got,88
OnTheTrailOfTheSpacePirates,sci-fi,30,replied,85
OnTheTrailOfTheSpacePirates,sci-fi,31,radar,85
OnTheTrailOfTheSpacePirates,sci-fi,32,well,84
OnTheTrailOfTheSpacePirates,sci-fi,33,away,84
OnTheTrailOfTheSpacePirates,sci-fi,34,suddenly,80
OnTheTrailOfTheSpacePirates,sci-fi,35,hawks,79
OnTheTrailOfTheSpacePirates,sci-fi,36,asteroid,78
OnTheTrailOfTheSpacePirates,sci-fi,37,going,77
OnTheTrailOfTheSpacePirates,sci-fi,38,jet,77
OnTheTrailOfTheSpacePirates,sci-fi,39,like,76
OnTheTrailOfTheSpacePirates,sci-fi,40,see,76
OnTheTrailOfTheSpacePirates,sci-fi,41,looked,73
OnTheTrailOfTheSpacePirates,sci-fi,42,eyes,71
OnTheTrailOfTheSpacePirates,sci-fi,43,time,68
OnTheTrailOfTheSpacePirates,sci-fi,44,rocket,67
OnTheTrailOfTheSpacePirates,sci-fi,45,pirate,66
OnTheTrailOfTheSpacePirates,sci-fi,46,think,65
OnTheTrailOfTheSpacePirates,sci-fi,47,want,64
OnTheTrailOfTheSpacePirates,sci-fi,48,air,62
OnTheTrailOfTheSpacePirates,sci-fi,49,voice,62
OnTheTrailOfTheSpacePirates,sci-fi,50,saw,60
OnTheTrailOfTheSpacePirates,sci-fi,51,make,58
OnTheTrailOfTheSpacePirates,sci-fi,52,go,58
OnTheTrailOfTheSpacePirates,sci-fi,53,small,58
OnTheTrailOfTheSpacePirates,sci-fi,54,aboard,57
OnTheTrailOfTheSpacePirates,sci-fi,55,academy,56
OnTheTrailOfTheSpacePirates,sci-fi,56,lock,55
OnTheTrailOfTheSpacePirates,sci-fi,57,began,55
OnTheTrailOfTheSpacePirates,sci-fi,58,attention,54
OnTheTrailOfTheSpacePirates,sci-fi,59,scanner,54
OnTheTrailOfTheSpacePirates,sci-fi,60,might,53
OnTheTrailOfTheSpacePirates,sci-fi,61,yes,53
OnTheTrailOfTheSpacePirates,sci-fi,62,first,52
OnTheTrailOfTheSpacePirates,sci-fi,63,let,52
OnTheTrailOfTheSpacePirates,sci-fi,64,belt,52
OnTheTrailOfTheSpacePirates,sci-fi,65,power,52
OnTheTrailOfTheSpacePirates,sci-fi,66,spaceman,52
OnTheTrailOfTheSpacePirates,sci-fi,67,ships,52
OnTheTrailOfTheSpacePirates,sci-fi,68,big,50
OnTheTrailOfTheSpacePirates,sci-fi,69,good,50
OnTheTrailOfTheSpacePirates,sci-fi,70,come,50
OnTheTrailOfTheSpacePirates,sci-fi,71,crew,49
OnTheTrailOfTheSpacePirates,sci-fi,72,bull,48
OnTheTrailOfTheSpacePirates,sci-fi,73,face,48
OnTheTrailOfTheSpacePirates,sci-fi,74,officer,48
OnTheTrailOfTheSpacePirates,sci-fi,75,steve,48
OnTheTrailOfTheSpacePirates,sci-fi,76,intercom,48
OnTheTrailOfTheSpacePirates,sci-fi,77,exposition,47
OnTheTrailOfTheSpacePirates,sci-fi,78,boat,47
OnTheTrailOfTheSpacePirates,sci-fi,79,commander,46
OnTheTrailOfTheSpacePirates,sci-fi,80,sure,46
OnTheTrailOfTheSpacePirates,sci-fi,81,later,45
OnTheTrailOfTheSpacePirates,sci-fi,82,way,45
OnTheTrailOfTheSpacePirates,sci-fi,83,light,45
OnTheTrailOfTheSpacePirates,sci-fi,84,long,44
OnTheTrailOfTheSpacePirates,sci-fi,85,end,44
OnTheTrailOfTheSpacePirates,sci-fi,86,search,44
OnTheTrailOfTheSpacePirates,sci-fi,87,made,43
OnTheTrailOfTheSpacePirates,sci-fi,88,hand,43
OnTheTrailOfTheSpacePirates,sci-fi,89,roared,43
OnTheTrailOfTheSpacePirates,sci-fi,90,young,42
OnTheTrailOfTheSpacePirates,sci-fi,91,smiled,42
OnTheTrailOfTheSpacePirates,sci-fi,92,open,42
OnTheTrailOfTheSpacePirates,sci-fi,93,us,41
OnTheTrailOfTheSpacePirates,sci-fi,94,toward,41
OnTheTrailOfTheSpacePirates,sci-fi,95,side,41
OnTheTrailOfTheSpacePirates,sci-fi,96,tell,41
OnTheTrailOfTheSpacePirates,sci-fi,97,avenger,41
OnTheTrailOfTheSpacePirates,sci-fi,98,corbett,40
OnTheTrailOfTheSpacePirates,sci-fi,99,last,40
OnTheTrailOfTheSpacePirates,sci-fi,100,ray,40
Frankenstein,horror,1,one,206
Frankenstein,horror,2,yet,152
Frankenstein,horror,3,man,137
Frankenstein,horror,4,father,134
Frankenstein,horror,5,upon,126
Frankenstein,horror,6,life,115
Frankenstein,horror,7,every,109
Frankenstein,horror,8,first,108
Frankenstein,horror,9,might,108
Frankenstein,horror,10,shall,105
Frankenstein,horror,11,eyes,104
Frankenstein,horror,12,said,102
Frankenstein,horror,13,may,99
Frankenstein,horror,14,time,98
Frankenstein,horror,15,towards,94
Frankenstein,horror,16,even,94
Frankenstein,horror,17,saw,94
Frankenstein,horror,18,night,93
Frankenstein,horror,19,found,87
Frankenstein,horror,20,ever,85
Frankenstein,horror,21,mind,85
Frankenstein,horror,22,day,82
Frankenstein,horror,23,heart,81
Frankenstein,horror,24,felt,80
Frankenstein,horror,25,death,79
Frankenstein,horror,26,feelings,76
Frankenstein,horror,27,thought,74
Frankenstein,horror,28,dear,72
Frankenstein,horror,29,soon,71
Frankenstein,horror,30,friend,71
Frankenstein,horror,31,made,70
Frankenstein,horror,32,never,69
Frankenstein,horror,33,many,68
Frankenstein,horror,34,still,68
Frankenstein,horror,35,passed,67
Frankenstein,horror,36,also,66
Frankenstein,horror,37,thus,65
Frankenstein,horror,38,miserable,65
Frankenstein,horror,39,must,64
Frankenstein,horror,40,place,64
Frankenstein,horror,41,like,63
Frankenstein,horror,42,heard,62
Frankenstein,horror,43,became,61
Frankenstein,horror,44,sometimes,60
Frankenstein,horror,45,us,60
Frankenstein,horror,46,love,59
Frankenstein,horror,47,little,58
Frankenstein,horror,48,human,58
Frankenstein,horror,49,appeared,57
Frankenstein,horror,50,indeed,56
Frankenstein,horror,51,often,55
Frankenstein,horror,52,country,54
Frankenstein,horror,53,misery,54
Frankenstein,horror,54,words,54
Frankenstein,horror,55,friends,54
Frankenstein,horror,56,nature,53
Frankenstein,horror,57,although,53
Frankenstein,horror,58,several,51
Frankenstein,horror,59,among,51
Frankenstein,horror,60,cottage,51
Frankenstein,horror,61,feel,50
Frankenstein,horror,62,whose,50
Frankenstein,horror,63,great,50
Frankenstein,horror,64,see,50
Frankenstein,horror,65,old,50
Frankenstein,horror,66,away,50
Frankenstein,horror,67,hope,50
Frankenstein,horror,68,felix,50
Frankenstein,horror,69,well,49
Frankenstein,horror,70,return,49
Frankenstein,horror,71,happiness,49
Frankenstein,horror,72,know,49
Frankenstein,horror,73,despair,49
Frankenstein,horror,74,chapter,48
Frankenstein,horror,75,long,48
Frankenstein,horror,76,another,47
Frankenstein,horror,77,days,47
Frankenstein,horror,78,cannot,46
Frankenstein,horror,79,voice,46
Frankenstein,horror,80,happy,46
Frankenstein,horror,81,sun,45
Frankenstein,horror,82,world,45
Frankenstein,horror,83,poor,45
Frankenstein,horror,84,horror,45
Frankenstein,horror,85,much,44
Frankenstein,horror,86,years,44
Frankenstein,horror,87,men,44
Frankenstein,horror,88,creature,44
Frankenstein,horror,89,alone,44
Frankenstein,horror,90,scene,44
Frankenstein,horror,91,ice,43
Frankenstein,horror,92,light,42
Frankenstein,horror,93,joy,42
Frankenstein,horror,94,came,42
Frankenstein,horror,95,fear,40
Frankenstein,horror,96,affection,40
Frankenstein,horror,97,house,40
Frankenstein,horror,98,far,39
Frankenstein,horror,99,power,39
Frankenstein,horror,100,part,39
AutobiographyOfBenjaminFranklin,autobiography,1,one,294
AutobiographyOfBenjaminFranklin,autobiography,2,time,201
AutobiographyOfBenjaminFranklin,autobiography,3,great,174
AutobiographyOfBenjaminFranklin,autobiography,4,good,160
AutobiographyOfBenjaminFranklin,autobiography,5,made,155
AutobiographyOfBenjaminFranklin,autobiography,6,little,145
AutobiographyOfBenjaminFranklin,autobiography,7,much,143
AutobiographyOfBenjaminFranklin,autobiography,8,might,142
AutobiographyOfBenjaminFranklin,autobiography,9,first,140
AutobiographyOfBenjaminFranklin,autobiography,10,house,137
AutobiographyOfBenjaminFranklin,autobiography,11,us,132
AutobiographyOfBenjaminFranklin,autobiography,12,business,129
AutobiographyOfBenjaminFranklin,autobiography,13,new,128
AutobiographyOfBenjaminFranklin,autobiography,14,man,110
AutobiographyOfBenjaminFranklin,autobiography,15,found,109
AutobiographyOfBenjaminFranklin,autobiography,16,may,107
AutobiographyOfBenjaminFranklin,autobiography,17,upon,102
AutobiographyOfBenjaminFranklin,autobiography,18,well,99
AutobiographyOfBenjaminFranklin,autobiography,19,many,99
AutobiographyOfBenjaminFranklin,autobiography,20,soon,96
AutobiographyOfBenjaminFranklin,autobiography,21,thought,93
AutobiographyOfBenjaminFranklin,autobiography,22,said,91
AutobiographyOfBenjaminFranklin,autobiography,23,two,90
AutobiographyOfBenjaminFranklin,autobiography,24,took,82
AutobiographyOfBenjaminFranklin,autobiography,25,never,82
AutobiographyOfBenjaminFranklin,autobiography,26,people,82
AutobiographyOfBenjaminFranklin,autobiography,27,money,82
AutobiographyOfBenjaminFranklin,autobiography,28,years,80
AutobiographyOfBenjaminFranklin,autobiography,29,among,77
AutobiographyOfBenjaminFranklin,autobiography,30,men,77
AutobiographyOfBenjaminFranklin,autobiography,31,another,77
AutobiographyOfBenjaminFranklin,autobiography,32,day,76
AutobiographyOfBenjaminFranklin,autobiography,33,gave,75
AutobiographyOfBenjaminFranklin,autobiography,34,general,74
AutobiographyOfBenjaminFranklin,autobiography,35,friends,73
AutobiographyOfBenjaminFranklin,autobiography,36,work,73
AutobiographyOfBenjaminFranklin,autobiography,37,however,73
AutobiographyOfBenjaminFranklin,autobiography,38,england,72
AutobiographyOfBenjaminFranklin,autobiography,39,without,71
AutobiographyOfBenjaminFranklin,autobiography,40,governor,71
AutobiographyOfBenjaminFranklin,autobiography,41,several,70
AutobiographyOfBenjaminFranklin,autobiography,42,therefore,69
AutobiographyOfBenjaminFranklin,autobiography,43,see,69
AutobiographyOfBenjaminFranklin,autobiography,44,went,69
AutobiographyOfBenjaminFranklin,autobiography,45,father,67
AutobiographyOfBenjaminFranklin,autobiography,46,give,66
AutobiographyOfBenjaminFranklin,autobiography,47,came,66
AutobiographyOfBenjaminFranklin,autobiography,48,public,65
AutobiographyOfBenjaminFranklin,autobiography,49,every,65
AutobiographyOfBenjaminFranklin,autobiography,50,must,65
AutobiographyOfBenjaminFranklin,autobiography,51,paper,65
AutobiographyOfBenjaminFranklin,autobiography,52,life,64
AutobiographyOfBenjaminFranklin,autobiography,53,make,64
AutobiographyOfBenjaminFranklin,autobiography,54,tho,63
AutobiographyOfBenjaminFranklin,autobiography,55,near,62
AutobiographyOfBenjaminFranklin,autobiography,56,part,62
AutobiographyOfBenjaminFranklin,autobiography,57,old,60
AutobiographyOfBenjaminFranklin,autobiography,58,poor,59
AutobiographyOfBenjaminFranklin,autobiography,59,young,59
AutobiographyOfBenjaminFranklin,autobiography,60,read,59
AutobiographyOfBenjaminFranklin,autobiography,61,printing,59
AutobiographyOfBenjaminFranklin,autobiography,62,assembly,59
AutobiographyOfBenjaminFranklin,autobiography,63,think,58
AutobiographyOfBenjaminFranklin,autobiography,64,put,57
AutobiographyOfBenjaminFranklin,autobiography,65,yet,57
AutobiographyOfBenjaminFranklin,autobiography,66,still,56
AutobiographyOfBenjaminFranklin,autobiography,67,often,56
AutobiographyOfBenjaminFranklin,autobiography,68,use,55
AutobiographyOfBenjaminFranklin,autobiography,69,till,55
AutobiographyOfBenjaminFranklin,autobiography,70,says,54
AutobiographyOfBenjaminFranklin,autobiography,71,year,54
AutobiographyOfBenjaminFranklin,autobiography,72,better,53
AutobiographyOfBenjaminFranklin,autobiography,73,etc,53
AutobiographyOfBenjaminFranklin,autobiography,74,company,52
AutobiographyOfBenjaminFranklin,autobiography,75,left,52
AutobiographyOfBenjaminFranklin,autobiography,76,shall,51
AutobiographyOfBenjaminFranklin,autobiography,77,account,51
AutobiographyOfBenjaminFranklin,autobiography,78,street,51
AutobiographyOfBenjaminFranklin,autobiography,79,since,51
AutobiographyOfBenjaminFranklin,autobiography,80,met,50
AutobiographyOfBenjaminFranklin,autobiography,81,country,50
AutobiographyOfBenjaminFranklin,autobiography,82,books,50
AutobiographyOfBenjaminFranklin,autobiography,83,sometimes,49
AutobiographyOfBenjaminFranklin,autobiography,84,boston,49
AutobiographyOfBenjaminFranklin,autobiography,85,way,49
AutobiographyOfBenjaminFranklin,autobiography,86,three,49
AutobiographyOfBenjaminFranklin,autobiography,87,long,49
AutobiographyOfBenjaminFranklin,autobiography,88,occasion,48
AutobiographyOfBenjaminFranklin,autobiography,89,return,48
AutobiographyOfBenjaminFranklin,autobiography,90,set,47
AutobiographyOfBenjaminFranklin,autobiography,91,perhaps,47
AutobiographyOfBenjaminFranklin,autobiography,92,others,47
AutobiographyOfBenjaminFranklin,autobiography,93,small,46
AutobiographyOfBenjaminFranklin,autobiography,94,letters,46
AutobiographyOfBenjaminFranklin,autobiography,95,order,46
AutobiographyOfBenjaminFranklin,autobiography,96,brought,46
AutobiographyOfBenjaminFranklin,autobiography,97,service,45
AutobiographyOfBenjaminFranklin,autobiography,98,done,45
AutobiographyOfBenjaminFranklin,autobiography,99,things,45
AutobiographyOfBenjaminFranklin,autobiography,100,friend,44
